run_id,tags.mlflow.runName,metrics.AUC_test,metrics.score_metier_test_optth,metrics.cv_score_metier_test,metrics.cv_score_metier_train
72afa8d3e0594789a241ea3c62bb73da,XGBoost,0.7329561358593616,1616.0,1324.0,1087.3333333333333
259b8f96c0b14e42b377d6a5230af8d6,LightGBM-RandomizedSearch,0.7119056152927121,1665.0,1289.0,2389.3333333333335
f185ddf3044148778ce68e15e45fe19e,LightGBM,0.7119056152927121,1665.0,1289.0,2389.3333333333335
e905717e7a064c71adf6ce53e9086584,LogisticRegression,0.6816794674859191,1673.0,1330.3333333333333,1900.6666666666667
398ab1ce742c4597993a30d61dab5822,RandomForest,0.7133179723502305,1683.0,1321.0,2042.0
